{
	"n_materials":9,
	"mat_name":[
		"ncat_water",
		"ncat_muscle",
		"ncat_lung",
		"ncat_dry_spine",
		"ncat_dry_rib",
		"ncat_adipose",
		"ncat_blood",
		"ncat_heart",
		"ncat_cartilage"
	],
	"volumefractionmap_filename":[
		"adult_male_50percentile_chest.density_0",
		"adult_male_50percentile_chest.density_1",
		"adult_male_50percentile_chest.density_2",
		"adult_male_50percentile_chest.density_3",
		"adult_male_50percentile_chest.density_4",
		"adult_male_50percentile_chest.density_5",
		"adult_male_50percentile_chest.density_6",
		"adult_male_50percentile_chest.density_7",
		"adult_male_50percentile_chest.density_14"
	],
	"volumefractionmap_datatype":[
		"int8",
		"int8",
		"int8",
		"int8",
		"int8",
		"int8",
		"int8",
		"int8",
		"int8"
	],
	"cols":[
		33,
		1385,
		914,
		210,
		991,
		1369,
		814,
		426,
		518
	],
	"rows":[
		27,
		917,
		645,
		223,
		728,
		904,
		590,
		349,
		65
	],
	"slices":[
		1,
		1,
		1,
		1,
		1,
		1,
		1,
		1,
		1
	],
	"x_size":[
		0.25,
		0.25,
		0.25,
		0.25,
		0.25,
		0.25,
		0.25,
		0.25,
		0.25
	],
	"y_size":[
		0.25,
		0.25,
		0.25,
		0.25,
		0.25,
		0.25,
		0.25,
		0.25,
		0.25
	],
	"z_size":[
		50,
		50,
		50,
		50,
		50,
		50,
		50,
		50,
		50
	],
	"x_offset":[
		27.5,
		706.5,
		450.5,
		130.5,
		491.5,
		698.5,
		394.5,
		157.5,
		248.5
	],
	"y_offset":[
		331.5,
		493.5,
		367.5,
		400.5,
		402.5,
		488.5,
		309.5,
		113.5,
		-263.5
	],
	"z_offset":[
		1,
		1,
		1,
		1,
		1,
		1,
		1,
		1,
		1
	]
}
