{
	"n_materials":9,
	"mat_name":[
		"ncat_water",
		"ncat_muscle",
		"ncat_lung",
		"ncat_dry_spine",
		"ncat_dry_rib",
		"ncat_adipose",
		"ncat_blood",
		"ncat_heart",
		"ncat_cartilage"
	],
	"volumefractionmap_filename":[
		"adult_female_50percentile_chest_slab_400.density_0",
		"adult_female_50percentile_chest_slab_400.density_1",
		"adult_female_50percentile_chest_slab_400.density_2",
		"adult_female_50percentile_chest_slab_400.density_3",
		"adult_female_50percentile_chest_slab_400.density_4",
		"adult_female_50percentile_chest_slab_400.density_5",
		"adult_female_50percentile_chest_slab_400.density_6",
		"adult_female_50percentile_chest_slab_400.density_7",
		"adult_female_50percentile_chest_slab_400.density_14"
	],
	"volumefractionmap_datatype":[
		"int8",
		"int8",
		"int8",
		"int8",
		"int8",
		"int8",
		"int8",
		"int8",
		"int8"
	],
	"cols":[
		31,
		1304,
		873,
		168,
		941,
		1290,
		752,
		408,
		462
	],
	"rows":[
		26,
		957,
		619,
		221,
		691,
		945,
		562,
		347,
		57
	],
	"slices":[
		1,
		1,
		1,
		1,
		1,
		1,
		1,
		1,
		1
	],
	"x_size":[
		0.25,
		0.25,
		0.25,
		0.25,
		0.25,
		0.25,
		0.25,
		0.25,
		0.25
	],
	"y_size":[
		0.25,
		0.25,
		0.25,
		0.25,
		0.25,
		0.25,
		0.25,
		0.25,
		0.25
	],
	"z_size":[
		50,
		50,
		50,
		50,
		50,
		50,
		50,
		50,
		50
	],
	"x_offset":[
		25.5,
		670.5,
		431.5,
		97.5,
		466.5,
		663.5,
		372.5,
		145.5,
		237.5
	],
	"y_offset":[
		309.5,
		476.5,
		344.5,
		381.5,
		372.5,
		469.5,
		292.5,
		91.5,
		-259.5
	],
	"z_offset":[
		1,
		1,
		1,
		1,
		1,
		1,
		1,
		1,
		1
	]
}
